{
	"format_version": "1.8.0",
	"animations": {
		"animation.rune.first_person_hold": {
			"loop": true,
			"animation_length": 3,
			"bones": {
				"root_item": {
					"rotation": {
						"0.0": [66, 60, -60],
						"0.0417": [67.2793, 59.7142, -58.52559],
						"0.0833": [69.33412, 59.25516, -56.15739],
						"0.125": [71.6418, 58.73962, -53.49776],
						"0.6667": [106.07532, 51.04714, -13.81273],
						"0.8333": [116.4788, 48.72299, -1.82261],
						"0.875": [118.92164, 48.17726, 0.9928],
						"0.9167": [121.22933, 47.66172, 3.65243],
						"0.9583": [123.28415, 47.20267, 6.02063],
						"1.0": [124.56344, 46.91688, 7.49504],
						"1.0417": [124.18082, 46.87532, 7.19207],
						"1.0833": [123.38066, 46.79283, 6.54451],
						"1.125": [122.35215, 46.69278, 5.69332],
						"1.1667": [121.15796, 46.58365, 4.68275],
						"1.2083": [119.82428, 46.47002, 3.52815],
						"1.25": [118.36026, 46.35499, 2.23007],
						"1.2917": [116.76384, 46.2412, 0.77784],
						"1.3333": [115.02228, 46.13139, -0.85162],
						"1.375": [113.10839, 46.02901, -2.70006],
						"1.4167": [110.96886, 45.93937, -4.84472],
						"1.4583": [108.48973, 45.87261, -7.44695],
						"1.5": [105.33989, 45.85698, -10.97156],
						"1.5417": [100.62578, 45.96138, -16.62417],
						"1.5833": [95.02853, 46.13387, -23.46824],
						"1.625": [89.08802, 46.33587, -30.7837],
						"1.75": [70.83527, 47.00743, -53.40002],
						"1.7917": [64.90991, 47.23471, -60.76724],
						"1.8333": [59.20567, 47.45643, -67.86748],
						"1.875": [53.8425, 47.66718, -74.54946],
						"1.9167": [49.01301, 47.85877, -80.57145],
						"1.9583": [45.09472, 48.01553, -85.46084],
						"2.0": [43.14784, 48.094, -87.89182],
						"2.0417": [43.64703, 48.35408, -87.28253],
						"2.0833": [44.44885, 48.77183, -86.30389],
						"2.625": [57.73953, 55.69629, -70.08218],
						"2.875": [63.7985, 58.85302, -62.687],
						"2.9167": [64.69899, 59.32217, -61.58793],
						"2.9583": [65.5008, 59.73992, -60.60929],
						"3.0": [66, 60, -60]
					},
					"position": {
						"0.0": [0.31, 25.3879, -6.73558],
						"0.7083": [0.31, 25.3879, -6.73558],
						"1.5": [0.31, 25.3879, -6.73558],
						"2.2917": [0.31, 25.3879, -6.73558],
						"3.0": [0.31, 25.3879, -6.73558]
					},
					"scale": 0.7
				},
				"bone": {
					"rotation": {
						"0.0": [0, 0, 0],
						"1.0": [0, 0, 157.5],
						"2.0833": [0, 0, 57.5],
						"3.0": [0, 0, 0]
					}
				},
				"bone2": {
					"rotation": {
						"0.0": [0, 0, 0],
						"3.0": [0, 345.95, 0]
					}
				},
				"bone3": {
					"rotation": {
						"0.0": [0, 0, 0],
						"3.0": [-195, 0, 0]
					}
				}
			}
		},
		"animation.rune.third_person_hold": {
			"loop": true,
			"animation_length": 3,
			"bones": {
				"root_item": {
					"rotation": {
						"0.0": [66, 60, -60],
						"0.0417": [67.2793, 59.7142, -58.52559],
						"0.0833": [69.33412, 59.25516, -56.15739],
						"0.125": [71.6418, 58.73962, -53.49776],
						"0.6667": [106.07532, 51.04714, -13.81273],
						"0.8333": [116.4788, 48.72299, -1.82261],
						"0.875": [118.92164, 48.17726, 0.9928],
						"0.9167": [121.22933, 47.66172, 3.65243],
						"0.9583": [123.28415, 47.20267, 6.02063],
						"1.0": [124.56344, 46.91688, 7.49504],
						"1.0417": [124.18082, 46.87532, 7.19207],
						"1.0833": [123.38066, 46.79283, 6.54451],
						"1.125": [122.35215, 46.69278, 5.69332],
						"1.1667": [121.15796, 46.58365, 4.68275],
						"1.2083": [119.82428, 46.47002, 3.52815],
						"1.25": [118.36026, 46.35499, 2.23007],
						"1.2917": [116.76384, 46.2412, 0.77784],
						"1.3333": [115.02228, 46.13139, -0.85162],
						"1.375": [113.10839, 46.02901, -2.70006],
						"1.4167": [110.96886, 45.93937, -4.84472],
						"1.4583": [108.48973, 45.87261, -7.44695],
						"1.5": [105.33989, 45.85698, -10.97156],
						"1.5417": [100.62578, 45.96138, -16.62417],
						"1.5833": [95.02853, 46.13387, -23.46824],
						"1.625": [89.08802, 46.33587, -30.7837],
						"1.75": [70.83527, 47.00743, -53.40002],
						"1.7917": [64.90991, 47.23471, -60.76724],
						"1.8333": [59.20567, 47.45643, -67.86748],
						"1.875": [53.8425, 47.66718, -74.54946],
						"1.9167": [49.01301, 47.85877, -80.57145],
						"1.9583": [45.09472, 48.01553, -85.46084],
						"2.0": [43.14784, 48.094, -87.89182],
						"2.0417": [43.64703, 48.35408, -87.28253],
						"2.0833": [44.44885, 48.77183, -86.30389],
						"2.625": [57.73953, 55.69629, -70.08218],
						"2.875": [63.7985, 58.85302, -62.687],
						"2.9167": [64.69899, 59.32217, -61.58793],
						"2.9583": [65.5008, 59.73992, -60.60929],
						"3.0": [66, 60, -60]
					},
					"position": {
						"0.0": [0.31, 25.3879, -6.73558],
						"0.7083": [0.31, 25.3879, -6.73558],
						"1.5": [0.31, 25.3879, -6.73558],
						"2.2917": [0.31, 25.3879, -6.73558],
						"3.0": [0.31, 25.3879, -6.73558]
					},
					"scale": 0.7
				},
				"bone": {
					"rotation": {
						"0.0": [0, 0, 0],
						"1.0": [0, 0, 157.5],
						"2.0833": [0, 0, 57.5],
						"3.0": [0, 0, 0]
					}
				},
				"bone2": {
					"rotation": {
						"0.0": [0, 0, 0],
						"3.0": [0, 345.95, 0]
					}
				},
				"bone3": {
					"rotation": {
						"0.0": [0, 0, 0],
						"3.0": [-195, 0, 0]
					}
				}
			}
		},
		"animation.rune.held_particles": {
			"loop": false,
			"animation_length": 3,
			"bones": {
				"root_item": {
					"rotation": {
						"0.0": [66, 60, -60],
						"0.0417": [67.2793, 59.7142, -58.52559],
						"0.0833": [69.33412, 59.25516, -56.15739],
						"0.125": [71.6418, 58.73962, -53.49776],
						"0.6667": [106.07532, 51.04714, -13.81273],
						"0.8333": [116.4788, 48.72299, -1.82261],
						"0.875": [118.92164, 48.17726, 0.9928],
						"0.9167": [121.22933, 47.66172, 3.65243],
						"0.9583": [123.28415, 47.20267, 6.02063],
						"1.0": [124.56344, 46.91688, 7.49504],
						"1.0417": [124.18082, 46.87532, 7.19207],
						"1.0833": [123.38066, 46.79283, 6.54451],
						"1.125": [122.35215, 46.69278, 5.69332],
						"1.1667": [121.15796, 46.58365, 4.68275],
						"1.2083": [119.82428, 46.47002, 3.52815],
						"1.25": [118.36026, 46.35499, 2.23007],
						"1.2917": [116.76384, 46.2412, 0.77784],
						"1.3333": [115.02228, 46.13139, -0.85162],
						"1.375": [113.10839, 46.02901, -2.70006],
						"1.4167": [110.96886, 45.93937, -4.84472],
						"1.4583": [108.48973, 45.87261, -7.44695],
						"1.5": [105.33989, 45.85698, -10.97156],
						"1.5417": [100.62578, 45.96138, -16.62417],
						"1.5833": [95.02853, 46.13387, -23.46824],
						"1.625": [89.08802, 46.33587, -30.7837],
						"1.75": [70.83527, 47.00743, -53.40002],
						"1.7917": [64.90991, 47.23471, -60.76724],
						"1.8333": [59.20567, 47.45643, -67.86748],
						"1.875": [53.8425, 47.66718, -74.54946],
						"1.9167": [49.01301, 47.85877, -80.57145],
						"1.9583": [45.09472, 48.01553, -85.46084],
						"2.0": [43.14784, 48.094, -87.89182],
						"2.0417": [43.64703, 48.35408, -87.28253],
						"2.0833": [44.44885, 48.77183, -86.30389],
						"2.625": [57.73953, 55.69629, -70.08218],
						"2.875": [63.7985, 58.85302, -62.687],
						"2.9167": [64.69899, 59.32217, -61.58793],
						"2.9583": [65.5008, 59.73992, -60.60929],
						"3.0": [66, 60, -60]
					},
					"position": {
						"0.0": [0.31, 25.3879, -6.73558],
						"0.7083": [0.31, 25.3879, -6.73558],
						"1.5": [0.31, 25.3879, -6.73558],
						"2.2917": [0.31, 25.3879, -6.73558],
						"3.0": [0.31, 25.3879, -6.73558]
					},
					"scale": 0.7
				},
				"bone": {
					"rotation": {
						"0.0": [0, 0, 0],
						"1.0": [0, 0, 157.5],
						"2.0833": [0, 0, 57.5],
						"3.0": [0, 0, 0]
					}
				},
				"bone2": {
					"rotation": {
						"0.0": [0, 0, 0],
						"3.0": [0, 345.95, 0]
					}
				},
				"bone3": {
					"rotation": {
						"0.0": [0, 0, 0],
						"3.0": [-195, 0, 0]
					}
				}
			},
			"particle_effects": {
				"0.0": [
					{
						"effect": "rune_held",
						"locator": "rune_core"
					}
				]
			}
		},
		"animation.rune.use_particles": {
			"loop": false,
			"animation_length": 3,